"inst"	"score"	"nss.teach"	"nss.all"	"spend"	"ssr"	"career"	"value"	"tariff"	"nss.feedback"	"rank"	"year"	"group"	"former_poly"
"Cambridge"	100	91.5285032932092	90.515275877793	9.74017415675696	11.5868511188856	81.437125748503	6.45047056186476	610.468213925326	74.7952684258417	1	2014	"Russell"	"No"
"Oxford"	96.2	92.83927975992	91.042291042291	9.66953862670651	11.0511628578256	75.9336099585062	7.30963573634727	583.166836215679	70.8352776481568	2	2014	"Russell"	"No"
"London School of Economics"	90.7	84.4864135671613	86.5280985373364	8.22286575751283	11.0872645732033	82.0773930753564	6.20273669151072	541.878597122299	71.683594952293	3	2014	"Russell"	"No"
"St Andrews"	88.3	91.0871302957634	87.7844311377245	7.85523685733081	12.5909131340585	73.828125	8.01368418433054	524.216776625824	66.6080562659846	4	2014	"None"	"No"
"UCL"	85.5	85.8809951269556	83.949666153056	9.02812540716612	9.95645882603571	81.5035799522673	7.12179584120983	510.880877742948	61.9013434519536	5	2014	"Russell"	"No"
"Durham"	82.3	89.5601256783776	89.6689497716895	6.38111630730703	15.0803276587178	77.8862478777589	6.17383014447111	511.54019789735	73.4015199131478	6	2014	"Russell"	"No"
"Bath"	82	91.5516442797592	91.7037037037037	6.69561307368948	16.8228792405823	79.4432548179872	6.45069086536506	480.80314232902	69.4193452821804	7	2014	"None"	"No"
"Surrey"	81.1	89.8583333333333	90.8697100966345	7.80424525314087	16.5774923770743	69.3590869183494	6.71550861384918	417.740632318501	73.3706517393043	8	2014	"None"	"No"
"Imperial College"	80.6	85.8439201451906	87.102633969119	8.28490082566195	11.7213533590714	84.3119266055046	6.67938696029811	566.60523715415	64.2506811989101	9	2014	"Russell"	"No"
"Warwick"	80.2	87.1369028534787	85.3408508457201	8.5620100677976	14.3097706361079	74.4422890397672	5.77197321087568	505.897495056033	62.7561475409836	10	2014	"Russell"	"No"
"Lancaster"	80	88.9745786918024	88.5054192812322	6.70308042661772	15.4186796207644	74.2749054224464	4.70933556339858	439.065298507465	72.5809213906491	11	2014	"1994"	"No"
"Exeter"	78.1	92.9513888888889	91.0882842865075	6.02528287362062	18.6617503568895	72.4412937527692	6.65765929832709	470.089151759955	74.0057764941124	12	2014	"Russell"	"No"
"Leicester"	77.5	89.9370561652679	90.2965828497743	7.87890047183706	12.928329680301	68.6908077994429	5.34594684841131	413.333911535127	75.6983420424489	13	2014	"1994"	"No"
"Loughborough"	76.3	88.6545668307738	89.2941176470588	6.74040989399293	16.8564505322731	71.4018691588785	5.6831022808268	410.980334316618	73.645508559327	14	2014	"1994"	"No"
"Birmingham"	75.4	89.2853836897158	87.4259259259259	8.36426858774612	14.834683370414	77.0330652368186	5.75336135003862	443.679860048108	68.4541885786238	15	2014	"Russell"	"No"
"York"	75.3	90.726701183432	89.1070766950722	7.20575974542562	15.473566816613	68.2584269662921	5.4131708958093	457.611796982168	71.9715492331629	16	2014	"Russell"	"No"
"UEA"	74.7	90.8249055684172	89.544235924933	6.94080409154594	13.5183481561332	67.4368619022031	5.97977948946381	418.098273572378	67.4823300024372	17	2014	"None"	"No"
"Heriot-Watt"	74.5	88.6493804019577	89.8333333333333	6.97362314963027	18.311269279351	73.2644017725259	5.50399310065724	390.796278158667	75.4396199683307	18	2014	"None"	"No"
"Edinburgh"	74.2	86.5875247318546	83.4860474802166	9.07236418983641	13.8924021920801	73.8830219333875	6.39916011135068	488.995945102935	53.6044670389199	19	2014	"Russell"	"No"
"Kent"	73.9	89.0738369611609	90.5540639492312	6.39109556574034	14.5523154579207	67.7377333912288	6.61593968227799	379.923700026131	69.7508896797153	20	2014	"None"	"No"
"Glasgow"	71.3	91.6611640411282	90.5390124387486	6.04924549830199	16.4454293276897	79.0887290167866	4.75938232574145	476.912109375002	69.0224769950219	21	2014	"Russell"	"No"
"SOAS"	71.1	88.8680815647108	83.5548172757475	7.02875272655166	11.848874661236	66.9642857142857	7.17062727467352	437.174698795181	60.1765489673551	22	2014	"1994"	"No"
"Bristol"	71	90.3357763763422	85.6623494660305	5.92958800031331	14.2227349599289	78.6239723063609	5.98015978695073	487.216807247735	65.9092974643279	23	2014	"Russell"	"No"
"Southampton"	70.9	88.6389669894824	88.1373569198751	6.488678434684	13.7162145513797	65.9824046920821	5.90034625283325	437.809080654258	66.6069718045896	24	2014	"Russell"	"No"
"Strathclyde"	70.5	89.2030518689492	87.3365803640092	6.55629176141333	18.3347573351243	71.1741791875348	5.5480316515925	465.407372400756	66.0104583205168	26	2014	"None"	"No"
"Newcastle"	69.6	88.0081611833716	87.8063725490196	5.78041480627971	15.3111043613339	76.0584488572499	5.8696903355898	437.869887455394	66.7740882760871	27	2014	"Russell"	"No"
"Nottingham"	69.5	89.1676278354479	87.6080691642651	6.82598282041716	13.9689995446029	70.4877376687793	5.48330344407016	439.279302670624	67.5717252519037	28	2014	"Russell"	"No"
"Cardiff"	68.7	88.5472905418916	87.1368463233821	6.6503569070155	14.236970540136	74.3669896842764	5.29685431507281	433.469435130256	66.69999600048	29	2014	"Russell"	"No"
"Aston"	68.6	84.6433439345752	82.0454545454546	6.4972709563505	16.1540362339453	76.2906309751434	6.09510827776147	398.047135605514	65.4	30	2014	"None"	"No"
"Manchester"	68.1	87.0101965074032	83.6434714620798	7.88180335241556	14.8247002209557	70.4455134909015	4.62209305696814	457.410985178728	66.9290600693468	31	2014	"Russell"	"No"
"King's College London"	68	87.9790069976674	84.5230153435624	7.16024326707718	11.663834475618	84.4836533471718	5.93719630719697	466.923636363636	64.0948764074888	32	2014	"Russell"	"No"
"Coventry"	67	88.5020054641632	86.3361266294227	3.91137760555852	14.6040309236261	69.1350342252645	7.09977284874399	293.944366787811	74.539706155849	33	2014	"Alliance"	"Yes"
"Leeds"	66.3	88.4833767810592	86.0285714285714	6.53876353796921	16.7629149195114	68.1119233677842	6.20141007911658	427.812777587974	69.2676796526905	34	2014	"Russell"	"No"
"Oxford Brookes"	66.2	87.775	85.3609792655508	5.89246802463288	17.325055466681	63.564875491481	6.7502708415907	353.091124822022	71.4635364635365	35	2014	"Alliance"	"Yes"
"Queen Mary"	65.8	86.896390060947	86.0268834010628	6.74238203178781	12.222690986673	71.8786464410735	5.10083570514412	416.939912455234	68.1047958481836	36	2014	"Russell"	"No"
"City"	65.6	78.0228953016933	77.6560266793711	7.99191704732797	18.556037066911	71.5447154471545	5.895567789924	390.53259452412	63.0380952380952	37	2014	"None"	"No"
"Reading"	65.5	87.5008927933719	88.3276255707762	6.08070372312959	15.597257529759	67.4022698612863	5.57859687254724	378.856242615203	65.4498714652956	38	2014	"None"	"No"
"Royal Holloway"	65.5	88.268156424581	87.720465890183	4.6286525974026	16.2488171911513	64.3306379155436	5.72752235704479	400.314020857474	69.8913984942368	39	2014	"1994"	"No"
"Sheffield"	65.5	89.805516092686	90.1549323396744	5.13335166809192	15.5102752633417	71.9789265722753	5.68439962918478	441.654622243079	67.7162575484276	40	2014	"Russell"	"No"
"Dundee"	65	88.4056576541903	89.8037706810312	5.91683870367787	14.4208652790282	72.2929936305732	5.23617093493371	395.687459389213	68.4178140143066	41	2014	"None"	"No"
"Huddersfield"	64.5	88.3272471010315	89.1628145865434	4.29864650453291	18.3564560088673	67.4607471575528	5.993524817399	316.482678214522	81.1184513750192	42	2014	"Alliance"	"Yes"
"Aberdeen"	64.2	86.5165415624131	88.135593220339	5.20027084749149	16.3785200250863	72.4540901502504	6.01297188262718	443.622878228782	64.7268078483686	43	2014	"None"	"No"
"Brunel"	63.4	83.6058970434222	83.9303000968054	6.6497263883259	17.4791293448386	56.3206024744486	5.59319041614124	356.543570219967	72.2598105548038	44	2014	"None"	"No"
"Keele"	62.2	90.3347977579155	89.9969687784177	3.80327044134576	16.4644582700312	75.7042253521127	6.61076049086174	356.116710875331	70.8893735611293	45	2014	"None"	"No"
"Chester"	62.1	88.5521651490929	86.3788300835654	4.08399106370712	16.3419644484644	63.9676113360324	5.39360836705678	296.117283950617	74.7456779142809	46	2014	"None"	"No"
"Northampton"	62	86.9617803580068	85.1386202450032	5.8573883161512	19.9717521496819	59.80985306828	7.07231162373092	299.312166172107	73.9088326446281	47	2014	"None"	"No"
"Portsmouth"	61.9	86.8598776921032	87.1489361702128	5.54709415190488	19.1844941141863	62.4378109452736	6.99306714413608	316.329012961117	68.4713781819727	48	2014	"Alliance"	"Yes"
"Queen's, Belfast"	61.9	87.1158325285463	85.8796821793417	4.98818388607474	15.62160153541	72.382342210872	4.90431474693354	388.226732673267	68.9644204116872	49	2014	"Russell"	"No"
"Sussex"	61.4	87.6828103182186	86.6647041507212	4.8087618855803	17.0782309517608	55.3333333333333	6.31718259414265	407.625847266155	62.5595483150032	50	2014	"1994"	"No"
"Goldsmiths"	61.3	88.807583568934	84.7638057218896	3.16121208345201	19.1848802211193	53.8255033557047	6.64138155084022	370.574316290131	70.2277873984281	51	2014	"1994"	"No"
"Bournemouth"	61.2	82.671104639068	78.3132530120482	6.47747570909805	21.4885114397633	61.3467656415694	7.15677091202095	345.127802690583	68.4048569527612	52	2014	"Alliance"	"Yes"
"University of the Arts London"	61.1	71.4552820193207	60.5493133583021	9.01939970717423	22.4189644602573	52.5940337224384	5.95406295754026	317.261463414634	63.9810426540284	53	2014	"None"	"No"
"Liverpool"	60.4	85.9521981186408	86.6948663718516	7.16760782652924	13.2791825104619	68.6336633663366	4.97045781649669	420.389330975538	64.376873990928	54	2014	"Russell"	"No"
"Robert Gordon"	59.9	86.7243867243867	87.2594303310238	3.97860937947346	19.6864847252677	75.074775672981	4.59928344683149	349.71949404762	70.6728181468666	55	2014	"None"	"No"
"Lincoln"	59.1	84.891680760248	86.1746696745085	3.81291537439078	19.4246126095451	66.7082294264339	4.38332771598697	324.022506925208	70.4718318937734	56	2014	"Alliance"	"No"
"Stirling"	59.1	88.848298404153	87.7927063339731	4.71637698530316	18.2757836213086	61.6483516483516	4.53237487960517	373.818070818071	70.3757780680858	57	2014	"None"	"No"
"Northumbria"	59	86.7130035764896	86.3305473173362	5.12622353147057	17.7485461934377	59.53293830603	5.03360146998775	331.6529209622	74.0686750890833	58	2014	"Alliance"	"Yes"
"Plymouth"	58.1	88.9377886443901	87.866927592955	5.94505404725993	16.7956563074379	60.2333931777379	6.00804320843523	315.44642402647	70.495867768595	59	2014	"Alliance"	"Yes"
"Swansea"	57.5	86.8085665484168	85.9847488824612	5.09038094756201	16.1322337608706	69.3288962839712	4.89796602940089	359.57191058625	64.8362640833948	60	2014	"None"	"No"
"Birmingham City"	57.3	82.5993861965598	81.3230681494155	5.56296100162651	21.0483941935565	63.413506012951	5.88239966713318	323.524683544304	72.3235210060017	61	2014	"Million"	"Yes"
"Hull"	57.1	87.8919497828286	86.6222328017139	4.46118475148807	19.8452951237562	66.4745437079731	4.38441718053214	343.642281879196	70.6154139277889	62	2014	"None"	"No"
"Essex"	56.8	84.3550624133148	83.0649639089395	5.19745683196958	16.3729377964613	55.7614826752619	4.14885337388138	342.498181818182	68.8058624326875	63	2014	"1994"	"No"
"UWE Bristol"	56.5	85.7478065700877	82.918874847126	3.22240035286833	21.7122953109754	63.7136990319742	7.79421291574706	322.228730226592	66.1400285772606	64	2014	"Alliance"	"Yes"
"Sunderland"	56.3	84.1816607331858	80.8387841477491	6.94142288804248	17.0166457348021	43.1698113207547	5.6640748492477	271.936288088643	71.7185697808535	65	2014	"Million"	"Yes"
"Winchester"	56.2	89.7921599579058	87.4276696475539	2.73826614003371	17.7274522023339	53.5885167464115	6.33489884488492	307.37982832618	75.4337995583132	66	2014	"Guild"	"No"
"Anglia Ruskin"	55.2	86.1826264122986	80.6881243063263	7.8292013767646	20.2090832402237	59.8396501457726	5.20019206145967	247.427493047279	73.5860230974237	67	2014	"Million"	"Yes"
"Brighton"	54.9	85.381091211995	80.185537583254	4.49870889886062	19.0078621554812	57.9787234042553	5.84412644355128	304.586180713743	68.1854973099081	68	2014	"None"	"Yes"
"Liverpool John Moores"	54.6	83.9443807936673	82.1963394342762	4.21507710250097	21.6107378771254	56.6119852695012	6.91258759932265	327.075065119584	73.7414569094849	69	2014	"Alliance"	"Yes"
"Edge Hill"	54.3	87.7135726626992	83.9230769230769	3.30106267110182	17.2497121933441	62.7165627165627	4.37346771001431	307.343233082707	74.7808703675227	70	2014	"None"	"No"
"Greenwich"	54.3	85.0946506736399	83.0716723549488	4.67674977127173	21.3457583893773	55.264564404062	6.46533499457417	285.564157706093	72.0118208683792	71	2014	"Alliance"	"Yes"
"Sheffield Hallam"	54.1	83.4059852084048	81.5025500196155	4.35445022699812	19.9775203979086	55.2464469307529	7.18425332357691	316.27813970322	67.4152459337644	72	2014	"Alliance"	"Yes"
"Nottingham Trent"	53.7	82.1268754935509	81.2006319115324	4.61078441864198	20.0364448910899	59.3230230522323	5.21736583016748	322.373724007561	66.8368958618511	73	2014	"Alliance"	"Yes"
"Bangor"	53.5	84.6125569769152	82.0987654320988	5.3738812901778	17.9055471275636	61.0077519379845	4.42586500195415	312.700305810396	65.8768887059792	74	2014	"None"	"No"
"Teesside"	53.4	86.7776689520078	86.3518197573657	5.02828366247756	20.1477173525333	51.2953367875648	4.84006363191385	320.882039122703	77.1984706291276	75	2014	"Alliance"	"Yes"
"Falmouth"	53.1	80.0748752079867	74.0432612312812	5.85165001513775	23.9414600199198	51.9503546099291	4.96245837117772	289.182326621924	68.3772075974675	76	2014	"Guild"	"No"
"Chichester"	52.4	89.625	87.4166666666667	3.26618886576483	18.7678754492976	49.7297297297297	3.72678031528566	307.176991150442	73.9572906239573	77	2014	"Guild"	"No"
"Bath Spa"	51.8	87.7824487651077	84.6396633350868	3.91919883954474	21.7630185548638	55.1686615886834	6.03077270265391	339.214137214137	72.4152453148031	78	2014	"Million"	"No"
"Derby"	51.2	85.1283830673144	83.5696413678065	4.78563965736105	18.7824499517519	49.4704049844237	4.67959989649669	288.388935108153	72.0364403955116	79	2014	"None"	"No"
"Gloucestershire"	50.9	84.8547933798272	83.1526271893244	5.08017452958822	22.2761382311826	56.2378167641326	6.83372234151807	295.014414414414	71.380892782645	80	2014	"None"	"No"
"Queen Margaret"	50.8	83.5611870623541	81.8424566088118	2.78787878787879	20.4517009241109	52.0833333333333	6.87085514834206	332.117647058824	60.7357057177129	81	2014	"None"	"No"
"Hertfordshire"	50.6	82.1751104848524	82.530737704918	4.19710433531334	19.5019885307319	56.9572506286672	7.01663649566708	312.502676977989	65.9488283853766	82	2014	"Alliance"	"Yes"
"De Montfort"	50.3	84.5808062789868	84.1428571428571	3.23462986198244	20.2315034442327	55.7584269662921	5.63561570104956	300.537722520486	70.0205573321151	83	2014	"None"	"Yes"
"West London"	50.1	84.3388558924664	79.3017456359102	6.12615482637783	21.6468243657753	50.4635761589404	4.48407136030583	234.467429577465	72.1556886227545	84	2014	"Million"	"Yes"
"Edinburgh Napier"	49.9	83.850513978288	82.993459022701	3.62842348250354	23.8444549053691	68.3076923076923	7.54474101954273	324.922776911076	66.7025365103766	85	2014	"Million"	"Yes"
"Salford"	49.9	81.8025226426626	80.670217487794	3.88712107558663	17.6087437072803	55.8008213552361	4.6371497777187	300.479591836735	67.1466666666667	86	2014	"Alliance"	"No"
"Central Lancashire"	49.7	83.2792072612208	83.727909303101	5.83887117773218	19.3	54.2192429022082	3.69341420448274	298.034694504145	72.5830110681424	87	2014	"None"	"Yes"
"Aberystwyth"	49.5	87.6975270065173	88.36129953588	4.79048215387233	19.4140227402421	53.6303630363036	3.29917670329793	327.004207573634	68.9179531160663	88	2014	"None"	"No"
"St Mary's, Twickenham"	49.3	89.090669824977	88.5263157894737	3.01256268961674	25.0046297975163	58.1162324649299	4.80738436801908	297.379707112971	72.5645076355977	89	2014	"Guild"	"No"
"Bradford"	49.2	80.2963248027708	78	5.60437218075555	19.3697765012195	67.2766415500538	3.58317584131124	310.809470124014	67.2305089958481	90	2014	"None"	"No"
"Staffordshire"	48.6	85.8187415816817	84.6805234795997	5.72527580608696	20.3361810401704	48.3187134502924	3.84551776811948	253.812318137731	72.0915936683572	92	2014	"Million"	"Yes"
"Manchester Met"	48.2	81.5425276309467	80.3272377285852	3.01062703755451	19.3552459222268	54.7189010429916	5.26756001524197	332.980099502488	68.6728454409107	93	2014	"Alliance"	"Yes"
"York St John"	47.8	85.9841644672871	82.7318156579678	5.87969094922737	20.9478893545947	50.8728179551122	4.47287472035794	301.476971116315	67.7233429394813	94	2014	"Guild"	"No"
"Worcester"	47.7	82.1611044678769	79.6698523023458	4.48399258659698	23.6153939367377	58.4343991179713	6.47866685148615	282.067444876782	68.9946077578709	95	2014	"Guild"	"No"
"Glasgow Caledonian"	47.3	82.8143213988343	82.9723425524825	4.25730195419206	21.4177039244639	55.8784676354029	5.70259353741496	355.418405564473	54.8309821666223	96	2014	"None"	"No"
"Ulster"	46.3	84.2185991024257	85.3469852104664	3.79164565651523	18.5929671968137	53.8523925385239	4.91021983060007	283.760217113665	70.4158145875937	97	2014	"None"	"Yes"
"University Campus Suffolk"	46.2	85.5743172816344	79.2153589315526	NA	20.7327607430618	48.6140724946695	2.5323284410948	290.8608	73.65	98	2014	"None"	"No"
"Westminster"	46	76.7864379305687	74.5405405405406	4.1457753173539	20.8319240005115	54.642409033877	6.39475019905656	326.376827094475	63.296952669116	99	2014	"None"	"Yes"
"Kingston"	44.9	81.1867582760775	78.3	4.37562099516702	20.3855437113541	55.1455514555146	4.32904356236232	312.971724524077	64.3921215756848	100	2014	"Alliance"	"Yes"
"Roehampton"	44.8	86.0011990407674	83.6930455635492	3.3035357438779	20.0265062087996	53.9697542533081	4.76881188295702	275.031098825155	69.1999679666854	102	2014	"None"	"No"
"Middlesex"	44.5	77.8825546506644	74.0211488996856	7.41801487680149	23.0271836696535	52.4835988753515	5.71947773938912	249.684139784946	66.98485281509	103	2014	"Million"	"Yes"
"Canterbury Christ Church"	44.2	85.2870115804382	83.910726182545	3.20348478906381	19.4512754359008	57.4660633484163	5.3723457896801	273.516920473773	71.0828110414722	104	2014	"Million"	"No"
"Cardiff Met"	43.8	80.6225603042739	76.9907963185274	3.58303886925795	23.3540983747508	48.2237339380197	5.77193336698637	311.798444976077	69.6358543417367	105	2014	"Alliance"	"No"
"West of Scotland"	43.8	82.9900124843945	83.7984173261141	3.49919358941745	21.7120806890028	51.7347725520432	4.09207778387711	287.745762711865	67.973366625052	106	2014	"Million"	"No"
"Leeds Beckett"	43.5	86.3817629902982	84.4634784677611	3.0940704138357	20.6879426234763	53.6245954692557	4.52967321898084	278.171000361141	72.5248584613921	107	2014	"None"	"Yes"
"Glyndŵr"	43.3	81.75	75.7297748123436	3.51548370531004	23.2205745527086	68.6626746506986	4.11415711947627	232.203761755486	69.9783297216203	108	2014	"None"	"No"
"Cumbria"	41.1	83.235624298366	78.3608195902049	3.11276642979652	18.5768488498689	56.3524590163934	5.92453977577465	252.887108013937	67.6488214143028	109	2014	"Million"	"No"
"Bedfordshire"	40.3	80.8378957391097	78.3166904422254	5.57964986942644	23.266043324281	56.3484708063021	4.56150833500703	213.849096258932	68.0342693955259	110	2014	"Million"	"No"
"Leeds Trinity"	40.2	86.4988558352403	84.1930116472546	2	23.3308466003793	62.3556581986143	1.81392213570634	286.266487213997	73.4985859258027	111	2014	"Guild"	"No"
"Southampton Solent"	40.2	80.309046961326	79.1379310344828	3.50123976051939	20.5244622715398	43.6022253129346	4.13056315460862	282.241753977494	64.6235521235521	112	2014	"Guild"	"No"
"London South Bank"	39.4	79.9964327120307	79.1919914193779	3.91394899940563	23.6721059192603	58.9170477529256	4.08894511754195	242.08234421365	68.0305626963725	113	2014	"None"	"No"
"Abertay Dundee"	34.5	82.8131502288806	81.8030050083472	1.83647636269698	23.9787392119692	52.5641025641026	4.99201824401368	315.531375166889	59.0757978723404	114	2014	"Million"	"No"
"Bolton"	33.1	82.5145711906744	77.7222222222222	3.40363462458154	20.5825997916471	40.4814004376368	3.16098226466576	270.188131313131	68.7271113084008	115	2014	"Million"	"No"
"London Met"	31.7	79.877687906885	75.6572029442692	2.09097981512922	21.6599255254502	50.0414250207125	4.91174176809493	228.855732725892	61.8358758548133	116	2014	"Million"	"Yes"
"East London"	31.2	80.0121465685944	76.140350877193	3.4938684696609	24.7920718243575	39.0545454545455	4.38764736156792	238.099834528406	68.7929077247419	117	2014	"Million"	"Yes"
"Bucks New University"	30.1	79.4048320565704	73.0859835100118	3.85297655904467	24.0737372780234	48.0707395498392	2.25212295444494	236.882587859424	66.6196023061536	119	2014	"None"	"No"
"Cambridge"	100	91.0923401804569	90.2307692307692	9.67483112875609	11.5745714396678	85.7579729139362	5.95267773724743	615.827430555582	72.3512225126864	1	2015	"Russell"	"No"
"Oxford"	94.4	92.4634420697412	90.6453226613306	9.90024941686014	10.9975481710657	78.7304594978683	7.25916591749785	580.112068965518	71.4314254320247	2	2015	"Russell"	"No"
"St Andrews"	92.4	94.0927864758428	92.0415224913494	7.4889727831431	11.7668650958958	79.6019900497512	7.7348168722846	523.304047384007	75.6792118833217	3	2015	"None"	"No"
"Bath"	83.4	92.4923195084485	93.6923076923076	5.88516846845341	16.6325041123123	83.4033613445378	6.28770482760069	489.415845824411	74.3678425947275	4	2015	"None"	"No"
"Imperial College"	82.9	88.1824871228844	87.3165002935995	8.35142577951496	11.6615653425853	87.8286270691334	6.37774532543023	576.257868580894	69.2180876118699	5	2015	"Russell"	"No"
"Surrey"	82.5	91.4380966813153	90.9448818897637	7.48770291014795	15.4348884390784	73.3005733005733	6.65869678647064	422.313486370157	74.0985394824556	6	2015	"None"	"No"
"London School of Economics"	82	85.0808468078013	88.3411059293804	7.29936862005722	11.7604819932192	76.3257575757575	4.95712883952469	537.767826086951	71.4038359083644	7	2015	"Russell"	"No"
"Durham"	81.7	89.7827950843098	89.9543378995433	5.72356012348228	15.5688543717004	83.2273838630806	6.42713909760501	526.725617283957	71.8498199897137	8	2015	"Russell"	"No"
"Warwick"	80.7	87.8190899001109	87.1424604276589	8.56369498350063	13.8884738799864	79.0874524714828	5.99987992835725	509.558782365291	66.7277675942898	9	2015	"Russell"	"No"
"Lancaster"	80.5	90.1620618262297	88.4857142857142	7.6277700636764	14.9487793321242	73.1754161331626	5.77900381284999	448.533656174334	72.0521023765996	10	2015	"1994"	"No"
"UCL"	80.2	85.758920202462	83.3083458270864	8.7578404770779	10.24146214414	81.3264649066323	6.71858082425957	521.165545087484	62.1771494229904	11	2015	"Russell"	"No"
"Exeter"	79.5999999999999	91.7521598272138	90.2702702702702	6.64812347332913	17.216731300911	78.3126787416587	6.83968331791625	458.952232282235	73.9904988123515	12	2015	"Russell"	"No"
"Heriot-Watt"	79.5	88.0083941241131	91.2660256410256	7.63301718862991	16.4110322162373	78.2085561497326	5.90342173332591	423.500446827524	77.1771291483406	13	2015	"None"	"No"
"UEA"	76.0999999999999	91.7038358608385	90.6860409718913	7.28197162208928	13.0495935304153	69.2140921409213	5.85669998979196	430.763535400279	69.7907750832144	14	2015	"None"	"No"
"Loughborough"	74.5	86.8339270825437	88.4335154826957	6.5307926059513	15.5512012486102	75.9332023575638	5.90954420212274	406.512996389891	72.2946347377993	15	2015	"1994"	"No"
"York"	74	88.8231949971575	87.8181818181818	6.4681615390589	14.9602196514744	75.2470098803952	5.55081492882951	446.319649122807	68.5173386729771	16	2015	"Russell"	"No"
"Birmingham"	73.5	89.5763965963743	87.4514158800666	7.54393140775322	14.5404666984119	80.3215242631735	5.83910931098761	439.01195997071	69.5657003221148	17	2015	"Russell"	"No"
"Edinburgh"	72.7	84.8342682304946	81.973898858075	9.24948783045421	13.8200394099682	75.614671503426	6.54047383314922	489.223233404711	55.4513194925969	18	2015	"Russell"	"No"
"Southampton"	72.5	88.5863362139246	88.8502499456639	6.57991866436642	12.7639211956218	76.079734219269	6.27889543114156	431.136656493726	67.1477005998435	19	2015	"Russell"	"No"
"Kent"	71.9	86.9690744545	87.5166592625499	5.84164610101552	13.5934417951998	71.1111111111111	6.194034311632	372.031540411151	68.9687333451767	20	2015	"None"	"No"
"Leicester"	71	89.0124053487997	88.9246619446233	7.16940378528385	12.9461821127084	71.2477396021699	5.96268113468174	401.321731369924	72.7876248791492	21	2015	"1994"	"No"
"Aston"	70.4	86.5485252140818	87.0123691722169	5.81296810395747	16.1509618257311	73.5052754982415	6.21789830877714	381.3974522293	72.5285171102661	22	2015	"None"	"No"
"Nottingham"	70.4	88.1026014189557	87.6045074518357	6.69771478760411	14.0658023391364	77.4114441416893	5.94375929311254	441.980698706814	68.6306601200218	22	2015	"Russell"	"No"
"SOAS"	69.4	89.8644421272158	88.0199667221297	5.99916527545909	11.6278495843975	66.9090909090909	7.10763509078976	422.410901467505	66.6555740432612	24	2015	"1994"	"No"
"Glasgow"	69.3	91.6839016882304	89.9077277970011	6.18141901107253	15.2375287589635	74.9512670565302	4.50378115548786	487.428348301446	68.1774497366701	25	2015	"Russell"	"No"
"Cardiff"	69	88.2008684160845	89.1132075471698	7.51726979331181	13.0348561790011	77.8547854785478	5.708518122037	423.446987032799	67.3517100946491	26	2015	"Russell"	"No"
"Coventry"	68.9	90.8834075844833	88.5770234986945	3.7148754957415	15.2987651612507	71.8936516549104	6.43583446359456	313.161044973544	80.145204764803	27	2015	"Alliance"	"Yes"
"Leeds"	68.5999999999999	89.142008619753	87.1234067207415	6.64164204249204	14.6664462801428	70.0764111412373	6.36515880230485	434.05889698231	71.475371814571	28	2015	"Russell"	"No"
"Newcastle"	68.5999999999999	89.2114452493876	89.8520525109397	5.30769496762801	15.1852461070426	80.3017944535073	5.46372645673925	438.07673060884	71.0786151731033	28	2015	"Russell"	"No"
"Reading"	68.3	88.1818181818182	87.3888888888889	6.82566308669079	14.7104041945794	69.5544554455445	5.04568571254344	375.481643356643	67.7286856127886	30	2015	"None"	"No"
"University of the Arts London"	67.4	77.2061272061272	70.5059920106524	9.85374639769452	18.6890620026506	54.4333076329992	6.22127161383285	343.133956386292	69.0790350526456	31	2015	"None"	"No"
"Queen Mary"	67.2	88.1784076698624	88.2136894824707	7.28763957091775	13.9915665469178	70.0315457413249	4.77637249418195	424.481547354381	69.8193694594414	32	2015	"Russell"	"No"
"Manchester"	66.2	87.1948122973553	84.0443819346772	7.15416102318511	13.8977142079429	72.0774729075397	4.96199166303419	442.396455595382	68.7458983093222	33	2015	"Russell"	"No"
"Bristol"	66.0999999999999	89.2041987062126	86.1606053209665	5.28777769404671	14.0555839779724	79.470802919708	5.86308364732479	482.781684597218	66.6634151099839	34	2015	"Russell"	"No"
"City"	66	85.683445063061	87.4431301182893	6.79300824384076	17.5233480508189	71.1318795430944	5.85355672978089	394.561583577711	71.673038412525	35	2015	"None"	"No"
"Royal Holloway"	65.2	90.3251835713709	88.9068564036222	4.32546374112952	15.3877104095905	63.700707785642	5.21843081191043	405.131319358815	70.427890192035	36	2015	"1994"	"No"
"Sheffield"	65.0999999999999	90.1953383032933	89.8736564208938	5.74185208465297	14.9352469309963	72.2417427969079	5.52772668340799	438.812008978675	70.0109380304001	37	2015	"Russell"	"No"
"Strathclyde"	64.8	88.0174836091164	87.1999999999999	5.96254791452322	19.3284580506927	75.0473783954516	5.32612360558126	470.237255836112	63.5358839709927	38	2015	"None"	"No"
"Oxford Brookes"	64.5999999999999	89.2942156629374	85.5310049893086	5.55756160285511	16.8950254798864	63.4807417974322	6.22498480725024	369.531704781704	73.2469512195122	39	2015	"Alliance"	"Yes"
"King's College London"	64.5	86.9538991813873	82.9142266620737	6.59131736647377	11.4386920418336	82.2222222222222	6.24047631881052	469.679281345565	65.414311319454	40	2015	"Russell"	"No"
"Aberdeen"	62.5	88.9096962130669	87.9511382565241	4.94290654664648	15.5027206872238	76.6051660516605	5.33033730345184	444.321818181816	67.0903641207815	41	2015	"None"	"No"
"Keele"	62.5	90.4724716907458	91.90625	3.70419772629155	15.1700523351983	69.3320790216368	5.61432305123078	383.533674963396	73.1168019987507	41	2015	"None"	"No"
"Sussex"	61.9	88.5049632492233	88.6906561838524	5.99283209404359	16.5284738645886	54.9033643521832	5.47869528579877	408.576730190571	65.0066642433054	43	2015	"1994"	"No"
"Northampton"	61.7	89.1063647403386	86.843607305936	6.2628812314737	19.7843755685307	58.3643122676579	6.5357103697715	280.243990384615	77.4204603872736	44	2015	"None"	"No"
"Liverpool"	61.3	87.3850506955906	88.3163457908644	6.58142058529033	12.7477488943418	72.2316145393068	5.67999507313977	414.234285714285	68.4385256724638	45	2015	"Russell"	"No"
"Queen's, Belfast"	60.8	89.5770151636073	87.9336028942328	4.58633256610039	15.5143061090148	75.3461538461538	4.96211426713685	391.126143790849	72.9226056248138	46	2015	"Russell"	"No"
"Dundee"	60.5	89.7213788176459	90.2857142857142	5.68320006102437	14.8585901041435	71.4521452145214	5.75251900087296	408.737528779739	69.8386636207881	47	2015	"None"	"No"
"Goldsmiths"	60	91.2543728135931	88.4743504330446	3.82985928076837	16.9161461040948	53.3632286995515	6.4545856600402	345.75	70.2933333333333	48	2015	"1994"	"No"
"UWE Bristol"	59.7	88.9268591247577	87.9542670477745	3.27595265108145	19.9550240927858	68.4995612752267	7.68009643591555	339.178082191781	70.9739279448366	49	2015	"Alliance"	"Yes"
"Derby"	59.3	88.5415295511386	86.5334034718569	5.09809843277426	16.8179374510264	56.3648293963254	5.22104382192258	305.773347897323	76.1884706501711	50	2015	"None"	"No"
"Robert Gordon"	59.1	86.291097865795	87.8648233486943	3.63114497472162	19.2751056968719	82.3643410852713	4.7625612698986	384.17391304348	70.4363859864782	51	2015	"None"	"No"
"Brunel"	58.7	84.3946477510881	86.6817155756207	5.77816873081401	16.9098649655008	60.7372732592159	4.46450603439068	352.159597030754	72.505157297576	52	2015	"None"	"No"
"Falmouth"	58.6	79.1380387257963	70.5	6.44546979865771	22.9876347853739	61.7549668874172	5.54050959060979	316.172448979591	65.6015976035946	53	2015	"Guild"	"No"
"Essex"	58.5	85.8762399622106	86.2665585293322	4.65725967396327	16.0602261770975	52.3844460748349	4.72886118230326	343.046171829339	72.0920185765201	54	2015	"1994"	"No"
"Portsmouth"	58.4	86.8984247691472	87.3940447728754	4.93123821225618	18.5530042701914	63.2419298854564	7.20818207309094	313.980617977529	70.3985066851883	55	2015	"Alliance"	"Yes"
"Huddersfield"	58.3	87.527254072079	86.1901101716628	3.74086194785339	18.3013387729059	67.2902191341528	5.56954932207846	334.552370842179	78.6168684588549	56	2015	"Alliance"	"Yes"
"Nottingham Trent"	57.8	85.1150287571893	86.314736052039	4.40812930324055	17.1577053237444	62.6461211477151	5.58485259324241	319.98864380869	72.8032008002	57	2015	"Alliance"	"Yes"
"Swansea"	57.8	85.9069675636554	84.5263157894736	4.82690108421993	15.5032146039596	77.7545691906005	5.67419391661505	340.435393258426	68.7851844057452	57	2015	"None"	"No"
"Winchester"	57.6	91.4931588340273	89.3657606103958	2.95329816709292	17.2542629076458	53.9215686274509	6.38665671456117	322.333333333333	77.6593720266412	59	2015	"Guild"	"No"
"Northumbria"	57.4	86.5074958356468	87.1039466370205	4.27084040266938	18.484366774979	62.0509243111266	5.73734645402103	365.529506871463	72.7595977554308	60	2015	"Alliance"	"Yes"
"Chester"	57.3	87.1637150196025	86.7388362652232	4.39476878842466	16.8808201868335	70.7824838478104	4.46376658561598	302.365283738674	74.5877264125439	61	2015	"None"	"No"
"Brighton"	56.9	84.7133387603209	83.2286578274017	3.98142900676199	18.3173141957844	59.0504451038575	6.09451181357814	315.745142857142	70.6658612518005	62	2015	"None"	"Yes"
"Stirling"	56.6	87.7549057329742	85.8352578906851	4.21075091640184	15.6898912093226	64.2791551882461	3.9342336993042	380.206418039896	66.5435518621114	63	2015	"None"	"No"
"Glyndŵr"	55.7	83.25	80.8125	3.8822591688575	20.0695158079273	62.4793388429752	4.74962678043001	287.447098976109	75.2	64	2015	"None"	"No"
"Lincoln"	55.3	85.1095016382134	84.361005856011	4.06486550821233	18.633526098649	69.5014662756598	3.41780194269656	337.700631199278	72.0463480240016	65	2015	"Alliance"	"No"
"Hertfordshire"	55.2	82.6224328593996	81.7798841495524	4.91852881064094	18.3452549943204	62.0058565153733	6.83868266581228	343.863943161634	66.4771530848599	66	2015	"Alliance"	"Yes"
"Central Lancashire"	55.1	85.6908793009284	85.65625	5.7951112702554	17.1735755461484	55.6083302886371	4.15960572959044	336.870592648162	75.1390885791085	67	2015	"None"	"Yes"
"Plymouth"	54.8	87.4576647604241	85.2706299911268	6.0400471881628	16.1968428526956	58.2114361702127	5.09291558797407	315.703527815468	70.3139571028908	68	2015	"Alliance"	"Yes"
"Bath Spa"	54.5	89.7112139017377	87.7622377622377	4.46398006100059	20.026318923126	57.9999999999999	5.67868186643282	331.762093576526	75.7232956251877	69	2015	"Million"	"No"
"Queen Margaret"	54.5	88.0673841834347	83.7383177570093	2.94941634241245	20.4920992115637	68.4210526315789	6.90348071495766	338.782374100719	61.8976279650436	69	2015	"None"	"No"
"Bournemouth"	53.8	83.7424547283702	79.3870967741935	5.83625313263204	21.5725040266956	64.2478813559322	5.53202797089961	336.422631804547	68.8740015459933	71	2015	"Alliance"	"Yes"
"Manchester Met"	53.8	83.2818462656732	82.0610687022901	3.23771392351574	18.2176522289864	58.3333333333333	5.77648425945489	343.664851277754	71.2218181818181	71	2015	"Alliance"	"Yes"
"Sheffield Hallam"	53.5	84.4688827793051	81.8036392721455	4.82400404580413	18.3874355707062	57.818620066285	6.6079876585533	321.113	69.2353811103561	73	2015	"Alliance"	"Yes"
"Gloucestershire"	53.3	84.8732179780171	82.4477351916376	4.83973811557073	23.5580129030048	61.2556053811659	7.37215239591516	295.055360896986	73.1900452488687	74	2015	"None"	"No"
"Edge Hill"	53	88.0043501903208	87.0434782608695	3.8453003050148	16.8194208315835	61.0223642172524	4.44023066973268	307.806374501992	77.9885157473464	75	2015	"None"	"No"
"Hull"	53	89.4017789663391	89.4651162790697	4.18078099844581	17.796565555841	55.4585152838428	5.4027249213052	332.833674723474	73.3246584255042	75	2015	"None"	"No"
"Sunderland"	52.9	85.6271864067966	82.48	6.8751719032182	17.8918792970152	49.6727272727272	4.29770062229074	302.66178343949	72.8896363927598	77	2015	"Million"	"Yes"
"Edinburgh Napier"	52.6	86.9150548177199	83.7076648841354	3.77312455202073	21.6473217066864	63.3220910623946	7.01683725640083	347.981331168831	70.9020784229697	78	2015	"Million"	"Yes"
"University Campus Suffolk"	52.6	84.5373693243875	82.8446662507797	NA	19.1693223172417	60.9009009009009	4.02656837606837	338.101449275362	74.7906511686039	78	2015	"None"	"No"
"Chichester"	52.5	89.5219566425791	87.3614190687361	3.33839657282741	18.6506440403976	61.1045828437132	5.26554235223193	305.681660899653	74.3943098466325	80	2015	"Guild"	"No"
"Liverpool John Moores"	52.5	84.3217016271319	81.7967830521773	3.81057692307692	19.7253290854101	55.4468802698145	6.79592614322226	335.860697863132	74.0414020230533	80	2015	"Alliance"	"Yes"
"Bangor"	52.4	85.6437652150392	83.8735818476499	4.7343077438444	17.7585184939545	65.6202143950995	4.41916222658341	305.45942647956	71.0759904741286	82	2015	"None"	"No"
"Bradford"	52.1	81.3723448563098	82.276897414512	4.71755615743842	18.6104072214401	69.434306569343	5.80038398996924	319.877867746289	68.6312104034678	83	2015	"None"	"No"
"Teesside"	51.8	85.3947225540232	84.672166739036	4.57383004189108	18.8051456562552	53.6445012787723	4.68649383040007	323.572972972973	78.3964558721334	84	2015	"Alliance"	"Yes"
"De Montfort"	51.7	84.8030821917808	83.1765041345879	3.46759313324769	18.1454454369747	54.3587896253602	6.0486862124265	312.684570646595	71.33394243947	85	2015	"None"	"Yes"
"Middlesex"	51.6	82.9391669951386	79.5795006570302	6.24186326165725	20.5451152151938	53.6710719530102	5.25858667009447	287.104683195592	72.8938500421229	86	2015	"Million"	"Yes"
"Greenwich"	51.3	85.4233282357848	83.9444444444444	3.81857955092994	21.5164226263811	53.6159600997506	6.58774280628313	312.104874446085	71.9435649613953	87	2015	"Alliance"	"Yes"
"Birmingham City"	50.2	83.2855357011545	82.5345486621581	4.22638430441716	21.2184110248094	63.2423060251408	6.05392575010199	316.558042852574	72.2232022108543	88	2015	"Million"	"Yes"
"York St John"	49.8	89.0245594560843	86.1265260821309	4.0753392049512	21.0982932680887	61.9638826185101	4.89576753000631	302.157539384846	77.2262935820564	89	2015	"Guild"	"No"
"Staffordshire"	48.8	85.9350716629252	83.5521769177608	5.07076215734764	17.7321315974369	55.2558782849239	4.24518571535293	273.09111747851	71.1091172613706	90	2015	"Million"	"Yes"
"Glasgow Caledonian"	48.3	83.2809351068117	82.1727917472598	4.02566608373624	20.8981053455007	64.3324607329843	6.12101063829787	370.346625766871	61.3851808860514	91	2015	"None"	"No"
"Canterbury Christ Church"	48.1	86.6685169765935	85.0906400295967	2.9757325184253	18.9483068176436	58.1899775617053	6.50937114673242	276.591363636363	71.3651498335183	92	2015	"Million"	"No"
"Ulster"	47.8	86.4452606876849	87.7421986538853	3.51006201194739	19.1828392139242	51.2082092022508	5.93806096564321	309.336888888888	73.7325495958853	93	2015	"None"	"Yes"
"Salford"	47.6	83.3439761600681	79.93182786536	3.83589005425507	16.974325148122	60.1585728444003	4.94409379506676	340.534838076546	68.3141762452107	94	2015	"Alliance"	"No"
"Westminster"	47.5	79.8987170830519	80.2212628170534	4.59094548481065	20.3258574152316	54.158215010142	6.49348314606741	317.126843657817	65.1255738590331	95	2015	"None"	"Yes"
"St Mary's, Twickenham"	47.2	87.5921052631579	86.4353312302839	2.98039106971242	22.3527770148062	66.3551401869158	4.40252612633166	293.683544303797	72.6650521217226	96	2015	"Guild"	"No"
"West London"	47.1	81.8603820746295	76.3701067615658	5.37691326530612	18.3490797312113	62.7577319587628	3.28324725629438	255.701007838745	69.269197830431	97	2015	"Million"	"Yes"
"Cardiff Met"	47	84.1674158425731	82.754491017964	3.45412425412425	20.252890493474	53.1225905936777	5.0371199537806	303.767676767676	74.0110285303284	98	2015	"Alliance"	"No"
"Kingston"	47	82.3952879581151	80.3051979017644	4.90842308832307	19.3806798259239	57.8208832026413	4.01058586395568	298.312279463656	66.525504377617	98	2015	"Alliance"	"Yes"
"Roehampton"	46.4	87.2367028950658	85.802231627549	3.61320571648639	20.2086445163949	53.7715517241379	5.30743971288549	286.522421524663	72.037222179497	100	2015	"None"	"No"
"Abertay Dundee"	46.3	86.25	83.6327345309381	2.3631534805703	21.3270164083778	67.7033492822966	6.62769128850612	330.042452830188	59.6215351812366	101	2015	"Million"	"No"
"Worcester"	44.7	85.4845719252498	84.1807909604519	3.3339322765161	21.0537453020951	64.3062200956937	5.35078669812147	300.110294117647	69.807876206207	103	2015	"Guild"	"No"
"Cumbria"	44.5	87.2938232283016	82.3342415985467	2.56088784006785	20.8394679834358	59.5412844036697	6.137762231291	288.158112582781	77.1904285324356	104	2015	"Million"	"No"
"Anglia Ruskin"	44.1	85.7857330876546	80.5526315789473	7.82036755561696	23.0271401019191	61.8231665524331	3.44670574443141	251.850363566781	71.6022739235709	105	2015	"Million"	"Yes"
"Aberystwyth"	43.8	84.2225329310471	82.1176470588235	4.53337588826818	19.9755478360313	53.9636363636363	4.50306505105692	324.985135827783	65.1202446051625	106	2015	"None"	"No"
"Southampton Solent"	43.2	79.8241076047594	77.670572019297	3.51089049352396	18.8376016952999	48.4777517564402	5.0242732535001	298.637330754352	67.4710424710424	107	2015	"Guild"	"No"
"Leeds Beckett"	42.6	85.5068150705315	83.3214370687603	3.21092889841803	19.8586050612006	60.7101947308132	5.02675830558854	279.962610145272	69.6238095238095	108	2015	"None"	"Yes"
"East London"	41	81.7451961042379	77.7924130663856	5.8127849938112	26.2766601630341	44.6186742694226	5.92030141975475	278.188183807439	70.3662772339753	109	2015	"Million"	"Yes"
"West of Scotland"	40.1	82.9240374609781	83.9850249584026	3.52303210110959	21.9779032194172	56.7349926793557	5.04613969583826	298.546721311475	67.7583333333333	110	2015	"Million"	"No"
"Leeds Trinity"	39.7999999999999	88.1199538638985	86.3076923076922	2.29958932238193	23.5693935131557	57.8947368421052	3.24330010604453	279.63596491228	76.9029678609872	111	2015	"Guild"	"No"
"London South Bank"	37.1	80.6538942107455	80.2998750520616	3.79055639097744	24.2357362973682	56.4960629921259	5.53461446645977	233.307996832937	65.7951706910907	112	2015	"None"	"No"
"Bolton"	35.4	83.3790865984527	77.5663495242864	3.40700325732899	19.8698093273645	53.7074148296593	3.23028969563623	275.428835489833	71.1901668831817	113	2015	"Million"	"No"
"Bucks New University"	32	81.7933545744196	77.7878925807919	3.13176519394316	22.1823639612911	44.4933920704845	4.02444495710158	249.742393509127	69.8056665455866	114	2015	"None"	"No"
"Bedfordshire"	30.7	81.2791093945246	81.4461118690313	4.41497488488907	20.8532459538225	53.7780803267529	3.87295350360183	224.695813953488	71.5089374829869	115	2015	"Million"	"No"
"London Met"	29.9	79.6010007056257	74.2439774474628	2.23808906742689	21.5196676145097	46.2333825701624	4.31788366054753	238.849586776859	66.9315967593067	116	2015	"Million"	"Yes"
"Cambridge"	100	92.3585556160406	90.5854809437387	9.90998283051263	11.3140681559558	89.3025447690858	5.53638859672966	601.994866529773	72.6728237946331	1	2016	"Russell"	"No"
"Oxford"	97.5	93.33991039939	92.0331681280976	10	10.6264909452929	82.7666511411271	6.72883765647478	572.574003466206	70.7802139037433	2	2016	"Russell"	"No"
"St Andrews"	91.8	92.3336566440349	92.2428238944918	7.87508867667121	11.422546392674	78.4962406015038	6.93172192680638	517.257601351351	74.6177750155376	3	2016	"None"	"No"
"Surrey"	87.7	90.5105893743193	90.3814133591481	7.16403666358516	14.009861732613	82.0762368207624	6.15045221916189	424.116053169735	76.6974334140436	4	2016	"None"	"No"
"Bath"	85.9	91.4475352112676	93.1835680751174	5.95140968728421	16.6721324669171	85.0271002710027	6.9472141659268	478.825087650954	74.9445855677863	5	2016	"None"	"No"
"Warwick"	84.6	89.1699464524766	89.2013386880857	8.46002175975431	12.6365729803125	78.324403312226	5.94415635834954	482.173345759558	71.7133204633205	6	2016	"Russell"	"No"
"Durham"	84.6	90.2242256471644	90.5326152004787	5.76954419363988	14.9042956535694	79.7356828193832	6.73591731981156	524.424618045555	73.247096156149	6	2016	"Russell"	"No"
"Imperial College"	84.3	88.3817233809001	87.2048325096101	7.75960704998555	11.3282724421432	89.9476439790576	5.71808725801791	568.328919491525	66.8811696163571	8	2016	"Russell"	"No"
"Exeter"	83.8	90.6654555617664	91.4863051984349	6.65442507725197	15.6680232056097	80.1576263328697	6.64893441624606	463.349576755891	76.6588176072487	9	2016	"Russell"	"No"
"Lancaster"	82.1	88.3230769230769	88.9571023876973	8.11752009976558	13.7856432197111	78.6666666666667	5.0590590869035	435.747704416266	71.773088139987	10	2016	"1994"	"No"
"Loughborough"	81.2	88.140696347032	89.2062523827678	6.11736849507136	15.0359005134575	79.9603174603175	6.25860327553069	397.258293166997	75.6288282797501	11	2016	"1994"	"No"
"UCL"	81	86.1833701699565	85.7598293203292	8.73777529756693	10.2856178659271	80.9221902017291	6.58864881152844	502.120235426011	61.8158103732666	12	2016	"Russell"	"No"
"London School of Economics"	80.5	82.6956980177141	82.879222972973	7.56152875882946	11.4454559334508	82.1561338289963	4.52825176589304	532.748743718592	66.0784214092141	13	2016	"Russell"	"No"
"Southampton"	76.2	87.6218891791558	86.6429947701624	6.9135372896603	12.0402324629314	77.8301886792453	6.52794404181935	410.934241550956	67.9001542020046	14	2016	"Russell"	"No"
"Coventry"	75.7	92.6751996857405	91.0880041906758	4.44897959183673	14.7049316107396	71.7337307501242	6.70634873694532	309.764790350373	81.3538800798069	15	2016	"Alliance"	"Yes"
"Kent"	75.5	88.6671936758894	90.7041622760801	4.90812495732332	13.0081533449523	75.6038647342995	6.52520177534995	362.83075221239	72.6229897179014	16	2016	"None"	"No"
"Birmingham"	75.1	90.1228320401643	89.6169824241041	7.35897186557263	15.5360998820706	84.4231328102296	6.38041052938398	426.350676818951	69.6085604536309	17	2016	"Russell"	"No"
"Heriot-Watt"	74.8	86.33643847487	87.1126516464471	7.76409900739528	16.9045392406534	72.7158948685857	6.11833892077262	413.368501529053	74.2490001738828	18	2016	"None"	"No"
"Sussex"	74.5	87.4931673530513	85.3878697117185	7.77706293871268	15.5727856605497	77.8798586572438	5.31735167258781	386.136788048553	67.5016489281967	19	2016	"1994"	"No"
"UEA"	74.2	91.5473831929999	92.3647486772487	4.26258117864379	13.6855030723322	70.9730621220451	6.76207198363613	407.584148727985	71.567517524137	20	2016	"None"	"No"
"Edinburgh"	74.2	85.0397384305835	82.1728501581823	9.12212756563209	12.2435328006629	78.1666032712058	6.0879238205004	484.112643080125	55.4287358306001	20	2016	"Russell"	"No"
"York"	73.4	88.8371734397678	85.9419448476052	7.03209637219607	14.7813412517367	74.7160493827161	4.97618831059458	437.251761102605	68.0068269300603	22	2016	"Russell"	"No"
"Leeds"	73.1	89.7721363456203	88.3924271229404	6.29581864227986	13.7206179111647	74.8654467168999	6.31914509356439	431.271241208896	71.0887211846402	23	2016	"Russell"	"No"
"Glasgow"	72.6	91.0496866606982	90.7213261648746	6.39424103211156	14.7669705497945	79.8198198198198	4.60083514810256	470.372398334937	66.6144930999462	24	2016	"Russell"	"No"
"Reading"	72	88.4925256581883	89.0200803212851	6.9951381227721	14.1640845797323	72.5266903914591	5.53016926048995	372.953478964402	69.8893651218859	25	2016	"None"	"No"
"SOAS"	71.4	89.3808586057503	87.4724409448819	6.53433517215142	10.8820669564497	62.1546961325967	6.71835748792271	406.535842293907	65.8985781990521	26	2016	"1994"	"No"
"Cardiff"	71.2	88.4195769493208	88.6416170634921	7.17380858346498	14.3384374761875	80.0937612693833	5.34545614911945	426.482208872458	69.3270387119217	27	2016	"Russell"	"No"
"Nottingham"	71.1	88.0563959660298	87.8956675508399	6.80789720252853	14.0413455089596	79.0213571235469	5.57527484957204	427.696470131887	67.6374362244898	28	2016	"Russell"	"No"
"Newcastle"	70.8	89.8170470492651	90.6600708800945	6.06395933654361	15.6282926121517	79.4011976047904	5.68776752273943	424.32249454016	71.5940160832546	29	2016	"Russell"	"No"
"Manchester"	70.8	85.9626757833151	84.7065294034692	7.93969369007612	13.2083853921738	75.5955056179775	5.01511627721433	435.078149367528	67.6640885225541	29	2016	"Russell"	"No"
"Falmouth"	70.4	84.4406258014875	81.4184615384616	6.06376404494382	21.4983389175293	72.3821989528796	6.51460674157303	309.536787564767	74.4776364382437	31	2016	"Guild"	"No"
"Leicester"	70.2	87.704625232294	88.7586633663366	7.53449006885039	12.2493740024512	73.997641509434	5.34357663400424	386.038814691152	68.6348983303025	32	2016	"1994"	"No"
"Aston"	70.1	86.4119384424063	88.5065257924176	6.82959584619703	16.0304859037954	76.3461538461538	5.56693572244813	368.837568510217	73.1753796365447	33	2016	"None"	"No"
"Strathclyde"	70.1	89.1744336569579	89.2683347713546	6.53702968557878	19.3232697736164	77.5165762507535	5.37646996372645	476.432058959005	65.7028591172152	33	2016	"None"	"No"
"Bristol"	69.7	88.9393892178249	84.0679339358056	5.28448201035979	13.7799088830762	80.3263403263403	6.3782341353595	486.515461282903	64.5006864702946	35	2016	"Russell"	"No"
"King's College London"	67.7	87.4444668413626	82.8835147118098	6.51758734227053	11.3249947046066	79.3609219486642	5.98384124570092	455.327970749543	62.3192849053551	36	2016	"Russell"	"No"
"City"	67.5	84.2683258533932	83.0756668481219	7.51224659604665	16.1611989016455	74.3718592964824	6.00682510209681	378.975113122172	68.8878840706036	37	2016	"None"	"No"
"Dundee"	67.4	91.8700099445944	90.9311326124075	5.939056870186	13.8994232738812	71.2382445141066	5.63134200869861	409.506955177744	71.0758628545392	38	2016	"None"	"No"
"Queen Mary"	67.4	85.6910994764398	85.7937971500419	7.25342851896061	12.2431417085477	70.1136363636364	5.12172711413093	410.601222307105	67.6553402131051	38	2016	"Russell"	"No"
"Royal Holloway"	67.3	88.9379006410257	88.0144230769231	5.0957035738042	15.2848934658932	62.2262773722628	4.87116514882376	398.119170984457	71.0336718332442	40	2016	"1994"	"No"
"Aberdeen"	66.8	86.3714208535927	86.4421621621622	5.40352499750569	13.4487219437088	74.9818181818182	5.96829026858992	446.4	64.8463039236939	41	2016	"None"	"No"
"Keele"	66.4	91.0553804592526	93.0346690679874	3.81058113873768	13.9382008540197	73.1499051233396	4.7890127997646	357.788807461692	76.1191205622635	42	2016	"None"	"No"
"Sheffield"	66.4	88.6570070980231	88.6668231979338	5.45381079495385	14.9975612243473	77.0854967116649	5.66898488557293	428.558327393681	67.9218118597876	42	2016	"Russell"	"No"
"University of the Arts London"	65	79.3601307926486	70.6597566471384	9.81788975312817	15.1170371652062	54.9738219895288	5.47380665173186	321.107214428858	70.3240414975192	44	2016	"None"	"No"
"Queen's, Belfast"	64.7	88.5245667991899	87.3275344931014	4.62435438789453	15.0695204336692	75.4436648782501	6.14321169087803	383.511011904762	71.2302287876059	45	2016	"Russell"	"No"
"Robert Gordon"	64.4	85.1716920893934	86.8246983676366	3.81617580061638	19.574576085818	81.0650887573965	5.14843134535368	384.648163962426	69.4963814389102	46	2016	"None"	"No"
"Essex"	64.2	88.0680381442194	89.3736593736594	3.61882447003431	15.0707738218397	66.9984686064319	5.07657285694743	312.805888767722	75.3247165922363	47	2016	"1994"	"No"
"Oxford Brookes"	64.1	88.4194447422017	88.102487135506	3.74930109960329	17.7068190969236	68.1063122923588	6.32037664203612	348.203590371277	75.0402333361928	48	2016	"Alliance"	"Yes"
"Portsmouth"	63.8	87.5516413649929	88.6728122565568	5.16687745532886	16.6672738627291	66.333998669328	6.77835057471264	309.392962664518	72.9896623376623	49	2016	"Alliance"	"Yes"
"Goldsmiths"	63.7	89.1764238936297	86.4261904761905	3.90922962173681	14.7646407562344	54.2185338865837	6.82261308692382	359.894581280789	67.7820696232713	50	2016	"1994"	"No"
"Nottingham Trent"	61.9	86.0752875566399	86.895629939563	4.5849512069851	17.1502245011302	64.1933815925543	5.44129746428112	309.544137796046	76.4052531085549	51	2016	"Alliance"	"Yes"
"Swansea"	61.7	86.4217030114227	88.3986710963455	4.78136506356068	15.3106736818714	79.2251544076362	5.71077415233464	326.246720270842	71.5300523734309	52	2016	"None"	"No"
"Brunel"	61.6	85.8004771199306	89.8230702515178	5.49557869650813	16.707464588026	60.2272727272727	4.60964252409077	351.577704298536	74.9775593633122	53	2016	"None"	"No"
"Gloucestershire"	61.3	86.0720064724919	85.3911917098445	5.15056269073036	19.8747153988003	58.0901856763926	7.68788497021662	316.545710267229	72.3768603597774	54	2016	"None"	"No"
"Hull"	61.3	89.616620831901	89.7358101135191	4.50792373501969	17.3694050199176	63.9344262295082	5.86313572099355	332.186156491832	72.4285812577405	54	2016	"None"	"No"
"Lincoln"	61.3	88.1887473673654	86.202004008016	4.32403117675914	18.0209556524811	67.4530831099196	4.356593763534	334.759796806967	72.5863949943847	54	2016	"Alliance"	"No"
"Bangor"	61	88.4994652406417	90.0727272727273	4.80079196825195	16.5269234826452	67.5502008032129	4.27694193965791	320.377844311377	75.9858702633269	57	2016	"None"	"No"
"Liverpool John Moores"	60.3	84.4978965602573	84.2191984166254	3.84017895557489	18.466640919973	61.7753029806748	7.44370806553845	344.323433115061	74.4501832227394	58	2016	"Alliance"	"Yes"
"Huddersfield"	60.2	86.0977373016618	85.1184655885671	4.14296863040049	18.0640093451979	69.6157735085946	5.22266558396177	332.703445605883	76.3389218855725	59	2016	"Alliance"	"Yes"
"Liverpool"	60.2	84.9067245119306	85.1105527638191	6.77433002066608	11.8687740028456	73.8085702843412	5.79041175055997	403.824945295405	67.9566331198536	59	2016	"Russell"	"No"
"Bath Spa"	60	89.8883863965268	88.6784938450398	5.10455085936655	19.0376280527852	56.7592592592593	5.72733516025577	317.483846731781	77.9933284989122	61	2016	"Million"	"No"
"Northampton"	60	89.467792615868	89.7874345549738	4.96000859708379	20.2594785649104	60.1636249213342	6.57456787035905	283.145669291339	78.4206498951782	61	2016	"None"	"No"
"Bournemouth"	59.7	82.4243408837728	80.5466023022651	5.86069826242348	17.9776002020258	63.6525612472161	7.01322404115448	328.779770444766	64.2982456140351	63	2016	"Alliance"	"Yes"
"Edinburgh Napier"	59.3	85.9707910241945	84.9764292878636	3.80742140967636	20.3902375549785	61.284046692607	7.46619582929278	347.585321100917	71.8121175644498	64	2016	"Million"	"Yes"
"De Montfort"	59.2	85.471876889994	86.7058349018553	3.92333662089371	18.7465684835078	69.6551724137931	6.32943522104214	307.179173553719	73.8464351005485	65	2016	"None"	"Yes"
"Stirling"	59.2	87.6333827648707	87.7279314888011	4.11571958582357	14.9785826354773	70.2347417840376	4.03880765316937	375.55855855856	68.8018196202532	65	2016	"None"	"No"
"Brighton"	59	85.0334293948127	82.1314662273476	4.1488289352279	17.2534058174745	64.7717099373321	5.87662274026505	321.68426966292	69.3913301271494	67	2016	"None"	"Yes"
"Northumbria"	58.9	84.3921901528014	84.4472955974843	3.74647597874417	17.9538283356152	62.2672872340426	6.16500650688645	363.040839350181	70.4242058097971	68	2016	"Alliance"	"Yes"
"Edge Hill"	58.6	88.249406175772	85.5004524886878	4.24155205040357	15.664084333026	58.5057471264368	4.68599281682914	319.30916496945	76.4594570135747	69	2016	"None"	"No"
"Chester"	58.6	89.2807988450433	88.8661531054405	4.92769069365589	16.4539425526616	66.7537557152188	4.02302147617872	299.38921901528	77.8578176209755	69	2016	"None"	"No"
"Chichester"	58.4	90.6327422880738	89.6815533980583	3.18794310722101	17.4515640729827	60.4819277108434	5.79336208134966	310.094501718213	72.6130097087379	71	2016	"Guild"	"No"
"Bradford"	58.3	80.884126984127	81.9181193872161	4.98580403669544	17.912093474214	71.875	7.0020021251473	313.80700676091	66.7818201103097	72	2016	"None"	"No"
"Derby"	58.1	87.2829104315767	85.797221016066	5.31958570453505	15.3882663663172	54.7683923705722	4.62361388553315	289.95674904943	75.06640625	73	2016	"None"	"No"
"Sheffield Hallam"	57.9	85.6585449553878	84.5580517921454	5.12949341860984	17.3908635205737	58.5507980744869	6.62376217411221	319.104077669904	71.6209300728121	74	2016	"Alliance"	"Yes"
"Winchester"	57.6	88.8749775139414	89.0575539568345	2.86815383632478	16.9358868384798	52.3702031602709	6.82386569430883	307.587231352718	73.1572661870504	75	2016	"Guild"	"No"
"Queen Margaret"	57.5	87.2184317718941	86.5295315682281	2.66571428571429	19.0519672495929	63.6568848758465	6.7877332348051	341.059602649007	68.1361598043213	76	2016	"None"	"No"
"Manchester Met"	57.3	83.6858085250338	83.3044654939107	3.33028787785254	17.8481639396233	60.7456661125623	5.63127353540342	346.866572786481	72.2767920751773	77	2016	"Alliance"	"Yes"
"Roehampton"	57.2	87.4776661083194	85.6022346368715	5.97692415494421	16.8318187973081	57.4198988195616	4.82640733562883	285.859016393443	74.1877519032691	78	2016	"None"	"No"
"Hertfordshire"	56.9	83.9531327786075	83.4755264655663	4.71454451881379	17.7792393066705	68.4061488673139	6.18918167506254	318.530026109661	65.7016225448335	79	2016	"Alliance"	"Yes"
"UWE Bristol"	56.9	85.3043981481481	83.8580032429928	3.38870562532854	19.6778432826883	68.5981855428739	6.70994375902115	324.30168196166	66.332297704614	79	2016	"Alliance"	"Yes"
"Middlesex"	56.5	83.8077909802862	84.9016482031883	7.05480925109773	18.5504751756489	56.9381107491857	5.60473878438816	269.869565217392	74.8050613745741	81	2016	"Million"	"Yes"
"Ulster"	56.4	85.8680099284568	87.421605839416	3.80672702576354	16.5658242674636	58.6693548387097	5.85507775476089	306.24013859275	73.4541096691219	82	2016	"None"	"Yes"
"Staffordshire"	56	86.8468127991938	84.641129032258	6.21330977265607	16.9590135549174	55.6853103872157	4.88919593656325	274.085956416465	72.9359233097881	83	2016	"Million"	"Yes"
"Leeds Trinity"	55.9	88.0424592391304	86.1970108695652	3	21.7111298857594	65.6521739130435	5.47156617071261	283.659781287971	79.1667119934729	84	2016	"Guild"	"No"
"Central Lancashire"	55.6	84.6460073504845	84.1862253426948	5.81301854723988	17.3243909808489	59.9198396793587	4.61000681199379	315.532644903398	74.949756130153	85	2016	"None"	"Yes"
"Birmingham City"	54.6	85.7342006113599	83.7430278884462	4.74905517762661	20.4367667368501	63.1601182931981	6.1564282278568	299.58834486429	73.9569500597916	86	2016	"Million"	"Yes"
"Plymouth"	53.3	87.4260626478388	85.8994269340974	5.29477763121418	17.6921415689947	58.0614805520703	5.96220218674656	312.115170278638	72.1743666169895	87	2016	"Alliance"	"Yes"
"Anglia Ruskin"	52.9	88.7062024960119	85.0345086271568	7.66013445230458	19.0436653991704	58.0952380952381	4.38881233797618	253.743638435245	75.2504513993379	88	2016	"Million"	"Yes"
"Glasgow Caledonian"	52.4	83.0920601112294	83.4057765151515	4.01570222405272	21.1897645211158	67.0647391577624	5.28651978698966	372.13684871312	65.785105173394	89	2016	"None"	"No"
"Salford"	51.9	81.8156156573733	78.5880389429763	4.484947704199	16.9910437567189	56.7111111111111	4.79058355849561	334.277250113071	70.8924515698063	90	2016	"Alliance"	"No"
"Teesside"	51.6	85.0257644394111	83.7453310696095	5.5438315539739	17.6945701887082	57.9518072289157	4.06871134640837	305.52668360864	74.5684675501189	91	2016	"Alliance"	"Yes"
"Greenwich"	51.2	84.5668889760691	85.0436146846564	3.55509924709103	19.5958957632109	49.1938507686539	6.23518171743035	314.369565217391	72.7747062888735	92	2016	"Alliance"	"Yes"
"Abertay Dundee"	51	84.9993485342019	84.5611979166667	2.60010551305724	21.3626247181819	61.660777385159	7.47459489151332	337.88622754491	64.7031331592689	93	2016	"Million"	"No"
"West London"	50.6	82.628285933897	81.5745073891626	5.35344701938493	17.2698408771485	67.6923076923077	4.65761291323917	258.482428115016	71.9175384615385	94	2016	"Million"	"Yes"
"Cardiff Met"	50.4	85.6666135204081	86.4878826530612	3.76142131979695	19.0065590193949	58.810888252149	4.70354011470763	317.127659574468	75.7708120531154	95	2016	"Alliance"	"No"
"Cumbria"	49.2	88.2322264319144	86.7869875222816	2.86561051837483	22.3159646375517	62.4777183600713	5.76781232951446	298.772942289499	78.5094507845935	96	2016	"Million"	"No"
"Kingston"	49.1	80.813143092331	78.4551440329218	4.63547189854665	19.3621932864998	54.3394911118857	4.97758961321045	299.477264590047	67.218332692202	97	2016	"Alliance"	"Yes"
"Bedfordshire"	49	84.9791082309701	84.358746130031	5.3798103182879	18.3405417531186	59.4822396146899	4.94656681677883	229.205531453362	75.2470369509645	98	2016	"Million"	"No"
"University Campus Suffolk"	48.8	84.1662830840046	82.3060989643268	NA	18.2688271823989	56.1779242174629	2.41249379104267	334.55500333043	73.4524741081703	99	2016	"None"	"No"
"St Mary's, Twickenham"	48.6	89.6136585365854	86.953125	3.10396179391797	20.6260150875362	62.962962962963	3.8623633037996	288.875479978058	72.8818128540731	100	2016	"Guild"	"No"
"Canterbury Christ Church"	48.4	87.0954397714961	85.6678486997636	3.02414330218068	18.3930022593068	59.7014925373134	5.32107142857143	279.483900226757	72.3211067193676	101	2016	"Million"	"No"
"Westminster"	48.4	79.3096546985055	81.1806318681319	4.09565085859284	19.9156737753842	50.1884760366182	6.805497517931	311.23589574398	65.6446843625361	101	2016	"None"	"Yes"
"Glyndŵr"	47.8	80.5622844001533	77.8052147239264	3.25907807934577	23.3498087752656	64.9373881932022	4.91713640088401	261.191747960978	74.5977825685248	103	2016	"None"	"No"
"Bolton"	47	82.1388482899737	78.7204678362573	4.38780311255881	17.9018936671466	57.7741407528642	3.38443002780352	286.910755148741	73.052717900656	105	2016	"Million"	"No"
"East London"	46.5	84.2546223898445	81.8897492625369	6.69067009202567	23.5639679381188	50.573936529372	5.08620747369478	280.329207920792	73.0267001032601	106	2016	"Million"	"Yes"
"York St John"	46.2	85.4035398230088	83.4343036978757	3.78012662302822	20.645636266421	64.7058823529412	4.64609936688486	291.641410842587	68.5199748348537	107	2016	"Guild"	"No"
"Worcester"	45.5	85.0265287769784	82.6378378378378	2.03594792201129	19.0671838676865	61.0849056603774	5.43829394299085	301.404778636683	69.114872164206	108	2016	"Guild"	"No"
"Sunderland"	44.8	85.0742587601078	83.17970858068	6.5297167242816	19.6767764093858	51.2896094325718	4.37254242741756	294.313153549807	72.8707762064126	109	2016	"Million"	"Yes"
"Aberystwyth"	44.2	85.7665584096053	82.3752463539614	4.42048799025605	17.9472935194658	53.3185840707965	3.9208309429224	312.336901408452	65.3448873483536	110	2016	"None"	"No"
"London South Bank"	43.3	82.1291321035038	79.3097476496784	4.19396248534584	17.2291031930236	49.1295938104449	4.80823743185948	247.59079497908	67.4856490217499	111	2016	"None"	"No"
"Southampton Solent"	42.6	80.5689462453003	79.7277529459569	3.68676956812643	18.3445341548536	50.8021390374332	3.80254033933583	276.151305274374	69.0586414725525	114	2016	"Guild"	"No"
"West of Scotland"	42.4	83.1422057566258	83.9720638540479	3.69073503747049	21.0600522757573	58.3588957055215	5.92992849130678	305.021126760563	65.8711817869809	115	2016	"Million"	"No"
"Leeds Beckett"	40.4	82.2084959968239	81.2425205189304	3.29171645506597	20.9123992523629	54.7949429540549	4.54283669405029	287.736842105263	68.0433607209117	116	2016	"None"	"Yes"
"London Met"	32.3	77.623742773422	75.9110196326789	2.79468363736617	19.6459963661461	47.0543806646526	4.21080220911729	238.368520263902	65.5274341896606	118	2016	"Million"	"Yes"
"Bucks New University"	31.3	79.274430625101	74.9580103359173	2.46013349038084	21.760432817735	53.4833869239014	4.0605160390516	257.898625429552	67.8610318900701	119	2016	"None"	"No"
